indicator,indicator_name,use_code,building_use_group,last_use_discontinued,stock_buildings,demolished_buildings,demolition_rate_pct,demolished_buildings_with_area,demolished_area_coverage_pct,demolished_m2_total,median_demolished_m2_total
D1,Historical status,290,Production & energy,true,4409,2484,56.33930596507144,2476,99.6779388083736,483518,75.0
D1,Historical status,210,Agriculture,true,104897,56065,53.44766771213667,55975,99.83947204138055,12988493,131.0
D1,Historical status,230,Production & energy,true,5145,2593,50.39844509232264,2585,99.69147705360587,366700,17.0
D1,Historical status,390,Commerce & services,true,1597,691,43.2686286787727,691,100.0,87292,46.0
D1,Historical status,310,Transport,true,3350,1320,39.40298507462687,1319,99.92424242424242,410205,120.0
D1,Historical status,520,Leisure,true,1116,349,31.272401433691755,346,99.14040114613181,58068,41.0
D1,Historical status,220,Production & energy,true,18284,5102,27.904178516735946,5091,99.7843982751862,2769390,200.0
D1,Historical status,490,Institutions,true,2059,514,24.963574550752792,512,99.61089494163424,123491,108.5
D1,Historical status,440,Institutions,true,5333,1170,21.938871179448714,1170,100.0,269680,161.5
D1,Historical status,330,Commerce & services,true,6038,1265,20.95064590924147,1265,100.0,334198,85.0
D1,Historical status,530,Leisure,true,3969,829,20.88687326782565,828,99.87937273823884,257201,104.5
D1,Historical status,420,Institutions,true,11989,2419,20.176828759696388,2419,100.0,1113921,171.0
D1,Historical status,320,Commerce & services,true,34225,6905,20.175310445580717,6888,99.75380159304852,3334956,165.0
D1,Historical status,410,Institutions,true,3110,553,17.781350482315112,553,100.0,204194,123.0
D1,Historical status,430,Institutions,true,1861,236,12.681354110693178,236,100.0,239549,456.0
D1,Historical status,130,Housing,true,178208,3207,1.7995825103250134,3207,100.0,505320,92.0
D1,Historical status,215,Agriculture,false,5190,892,17.186897880539497,892,100.0,1260483,598.5
D1,Historical status,999,Outbuildings & other,false,38692,6334,16.370309107825907,19,0.29996842437638144,1100,0.0
D1,Historical status,990,Outbuildings & other,false,782,119,15.217391304347828,37,31.092436974789916,6043,100.0
D1,Historical status,190,Housing,false,9266,1387,14.968702784372976,1382,99.63950973323719,117074,48.0
D1,Historical status,214,Agriculture,false,28064,3771,13.437143671607753,3771,100.0,1439350,212.0
D1,Historical status,213,Agriculture,false,6454,748,11.589711806631547,748,100.0,88005,46.0
D1,Historical status,930,Outbuildings & other,false,1230748,120227,9.76861225856146,3199,2.660799986691841,376145,83.0
D1,Historical status,219,Agriculture,false,54915,5361,9.762360010925976,5361,100.0,1131837,105.0
D1,Historical status,315,Transport,false,245,23,9.387755102040817,23,100.0,11860,144.0
D1,Historical status,590,Leisure,false,20830,1913,9.183869419107058,1907,99.68635650810246,164455,31.0
D1,Historical status,229,Production & energy,false,7569,679,8.970801955344166,679,100.0,143911,70.0
D1,Historical status,234,Production & energy,false,2967,251,8.459723626558814,251,100.0,58821,54.0
D1,Historical status,439,Institutions,false,878,71,8.086560364464694,71,100.0,16195,84.0
D1,Historical status,910,Outbuildings & other,false,589301,46312,7.858802208039695,426,0.9198479875626187,28842,51.5
D1,Historical status,920,Outbuildings & other,false,705406,55265,7.83449531191966,68,0.12304351759703248,5171,40.0
D1,Historical status,970,Agriculture,false,126311,9353,7.404739096357403,9122,97.53020421255212,165632,0.0
D1,Historical status,211,Agriculture,false,40953,2759,6.73699118501697,2759,100.0,738786,190.0
D1,Historical status,329,Commerce & services,false,5132,344,6.703039750584567,344,100.0,89536,87.0
D1,Historical status,231,Production & energy,false,2359,153,6.485799067401442,153,100.0,57586,50.0
D1,Historical status,233,Production & energy,false,5344,342,6.399700598802395,342,100.0,36672,30.5
D1,Historical status,960,Outbuildings & other,false,9847,627,6.367421549710572,11,1.7543859649122806,228,18.0
D1,Historical status,950,Outbuildings & other,false,59125,3734,6.315433403805497,41,1.098018211033744,2178,23.0
D1,Historical status,160,Housing,false,9610,606,6.305931321540062,605,99.83498349834984,391739,320.0
D1,Historical status,216,Agriculture,false,45150,2728,6.0420819490586934,2728,100.0,562984,153.0
D1,Historical status,110,Housing,false,148257,8842,5.963967974530713,8834,99.90952273241348,1170124,121.0
D1,Historical status,218,Agriculture,false,10468,615,5.875047764615973,615,100.0,161836,165.0
D1,Historical status,239,Production & energy,false,3148,181,5.749682337992376,181,100.0,14644,25.0
D1,Historical status,540,Leisure,false,23597,1299,5.50493706827139,1299,100.0,45244,31.0
D1,Historical status,150,Housing,false,3288,176,5.35279805352798,176,100.0,93385,252.5
D1,Historical status,339,Commerce & services,false,4384,234,5.337591240875912,234,100.0,42095,34.0
D1,Historical status,212,Agriculture,false,41471,2198,5.300089218972294,2198,100.0,595179,187.5
D1,Historical status,311,Transport,false,1629,85,5.217925107427869,85,100.0,22063,74.0
D1,Historical status,319,Transport,false,1000,52,5.2,52,100.0,8342,57.5
D1,Historical status,510,Leisure,false,307349,15576,5.067854458612196,15543,99.78813559322035,899614,54.0
D1,Historical status,442,Institutions,false,891,45,5.05050505050505,45,100.0,9486,148.0
D1,Historical status,323,Commerce & services,false,63861,3223,5.046898733186138,3223,100.0,1409010,143.0
D1,Historical status,429,Institutions,false,8719,438,5.023511870627365,438,100.0,209744,170.5
D1,Historical status,321,Commerce & services,false,36355,1780,4.896162838674186,1780,100.0,761502,141.0
D1,Historical status,313,Transport,false,9834,476,4.8403498067927595,476,100.0,214027,133.5
D1,Historical status,217,Agriculture,false,102042,4819,4.722565218243469,4819,100.0,776968,100.0
D1,Historical status,940,Outbuildings & other,false,78179,3676,4.702029956893795,15,0.40805223068552776,3131,18.0
D1,Historical status,325,Commerce & services,false,3388,156,4.6044864226682405,156,100.0,23804,102.5
D1,Historical status,441,Institutions,false,10922,465,4.2574620032961,465,100.0,130982,208.0
D1,Historical status,531,Leisure,false,7147,297,4.155589757940394,297,100.0,45661,98.0
D1,Historical status,232,Production & energy,false,10149,418,4.118632377574145,418,100.0,25610,15.0
D1,Historical status,539,Leisure,false,3008,118,3.9228723404255317,118,100.0,25328,55.5
D1,Historical status,529,Leisure,false,2171,85,3.91524643021649,85,100.0,3881,16.0
D1,Historical status,222,Production & energy,false,17549,685,3.9033563165992367,685,100.0,605209,332.0
D1,Historical status,421,Institutions,false,12810,498,3.8875878220140514,498,100.0,273356,206.0
D1,Historical status,522,Leisure,false,6486,246,3.7927844588344124,246,100.0,9238,24.5
D1,Historical status,334,Commerce & services,false,3614,137,3.790813503043719,137,100.0,23082,87.0
D1,Historical status,416,Institutions,false,992,37,3.7298387096774195,37,100.0,7903,100.0
D1,Historical status,223,Production & energy,false,32006,1190,3.718052865087796,1190,100.0,389883,175.0
D1,Historical status,333,Commerce & services,false,7680,285,3.7109375,285,100.0,51119,84.0
D1,Historical status,322,Commerce & services,false,23910,885,3.7013801756587204,885,100.0,434333,249.0
D1,Historical status,431,Institutions,false,1407,51,3.624733475479744,51,100.0,177221,657.0
D1,Historical status,331,Commerce & services,false,3869,139,3.592659601964332,139,100.0,60946,220.0
D1,Historical status,449,Institutions,false,3016,108,3.580901856763926,108,100.0,31259,124.0
D1,Historical status,422,Institutions,false,886,31,3.4988713318284423,31,100.0,63918,602.0
D1,Historical status,585,Leisure,false,20917,704,3.3656834154037383,704,100.0,15044,17.0
D1,Historical status,451,Institutions,false,30,1,3.3333333333333335,1,100.0,84,84.0
D1,Historical status,443,Institutions,false,303,10,3.3003300330033,10,100.0,14111,240.0
D1,Historical status,521,Leisure,false,2456,81,3.298045602605863,81,100.0,10459,98.0
D1,Historical status,411,Institutions,false,955,31,3.2460732984293195,31,100.0,7477,130.0
D1,Historical status,185,Housing,false,7846,248,3.160846291103747,248,100.0,14380,42.0
D1,Historical status,221,Production & energy,false,2512,76,3.0254777070063694,76,100.0,42298,187.0
D1,Historical status,324,Commerce & services,false,629,19,3.0206677265500796,19,100.0,68914,1024.0
D1,Historical status,534,Leisure,false,337,10,2.967359050445104,10,100.0,3519,91.0
D1,Historical status,314,Transport,false,5766,168,2.91363163371488,168,100.0,49043,122.0
D1,Historical status,433,Institutions,false,2150,59,2.744186046511628,59,100.0,20096,178.0
D1,Historical status,312,Transport,false,753,20,2.6560424966799467,20,100.0,34321,216.0
D1,Historical status,419,Institutions,false,4954,127,2.563584981832862,127,100.0,17292,75.0
D1,Historical status,332,Commerce & services,false,523,12,2.294455066921606,12,100.0,1980,66.5
D1,Historical status,120,Housing,false,1426413,31801,2.229438458567049,31783,99.943398006352,3472527,100.0
D1,Historical status,532,Leisure,false,359,8,2.2284122562674096,8,100.0,6924,832.0
D1,Historical status,412,Institutions,false,2623,56,2.134959969500572,56,100.0,33051,77.5
D1,Historical status,415,Institutions,false,2436,44,1.8062397372742198,44,100.0,10848,204.5
D1,Historical status,432,Institutions,false,167,3,1.7964071856287425,3,100.0,3005,104.0
D1,Historical status,444,Institutions,false,119,2,1.680672268907563,2,100.0,133,66.5
D1,Historical status,121,Housing,false,1413,21,1.48619957537155,21,100.0,2138,81.0
D1,Historical status,535,Leisure,false,5355,77,1.4379084967320261,77,100.0,23446,182.0
D1,Historical status,,,false,28915,383,1.3245720214421581,0,0.0,0,
D1,Historical status,533,Leisure,false,2929,38,1.297371116421987,38,100.0,38045,956.5
D1,Historical status,413,Institutions,false,463,6,1.2958963282937366,6,100.0,2742,284.0
D1,Historical status,140,Housing,false,177204,1888,1.0654387034152728,1888,100.0,1323071,214.0
D1,Historical status,132,Housing,false,40884,281,0.6873104392916545,281,100.0,40797,120.0
D1,Historical status,414,Institutions,false,3776,24,0.6355932203389831,24,100.0,8274,189.5
D1,Historical status,131,Housing,false,118804,748,0.6296084306925692,748,100.0,146461,112.0
D1,Historical status,122,Housing,false,271,1,0.36900369003690037,1,100.0,66,66.0
D1,Historical status,523,Leisure,false,1603,0,0.0,0,,0,
D2,Demolition business process,210,Agriculture,true,104897,34138,32.544305366216385,5777,16.922491065674613,1317876,149.0
D2,Demolition business process,310,Transport,true,3350,871,26.0,139,15.958668197474168,38453,141.0
D2,Demolition business process,390,Commerce & services,true,1597,330,20.66374452097683,76,23.03030303030303,10675,53.0
D2,Demolition business process,220,Production & energy,true,18284,3757,20.548020126886897,423,11.25898323130157,251601,246.0
D2,Demolition business process,290,Production & energy,true,4409,822,18.643683374914946,123,14.963503649635038,37518,105.0
D2,Demolition business process,490,Institutions,true,2059,368,17.87275376396309,62,16.847826086956523,20652,197.0
D2,Demolition business process,520,Leisure,true,1116,179,16.03942652329749,32,17.877094972067038,3093,54.0
D2,Demolition business process,230,Production & energy,true,5145,809,15.724003887269195,104,12.855377008652658,13985,63.0
D2,Demolition business process,440,Institutions,true,5333,817,15.319707481717607,231,28.274173806609546,62119,204.0
D2,Demolition business process,330,Commerce & services,true,6038,864,14.309373964889035,116,13.425925925925927,29692,161.5
D2,Demolition business process,320,Commerce & services,true,34225,4893,14.296566837107378,735,15.021459227467812,455815,264.0
D2,Demolition business process,530,Leisure,true,3969,512,12.899974804736711,107,20.8984375,42439,160.0
D2,Demolition business process,420,Institutions,true,11989,1512,12.611560597214114,311,20.56878306878307,181530,189.0
D2,Demolition business process,410,Institutions,true,3110,357,11.479099678456592,70,19.607843137254903,27011,212.0
D2,Demolition business process,430,Institutions,true,1861,175,9.403546480386888,51,29.142857142857142,76423,624.0
D2,Demolition business process,130,Housing,true,178208,1521,0.8534970371700484,529,34.779750164365545,91288,105.0
D2,Demolition business process,214,Agriculture,false,28064,3073,10.94997149372862,3069,99.86983403839896,1077414,208.0
D2,Demolition business process,215,Agriculture,false,5190,451,8.689788053949904,446,98.89135254988913,828978,720.0
D2,Demolition business process,315,Transport,false,245,15,6.122448979591836,15,100.0,10177,241.0
D2,Demolition business process,110,Housing,false,148257,8814,5.945081851109897,3747,42.51191286589517,508248,126.0
D2,Demolition business process,510,Leisure,false,307349,14545,4.73240518108079,7424,51.04159504984531,453196,56.0
D2,Demolition business process,990,Outbuildings & other,false,782,36,4.603580562659847,16,44.44444444444444,4018,112.0
D2,Demolition business process,590,Leisure,false,20830,936,4.493518963034085,405,43.269230769230774,59404,67.0
D2,Demolition business process,190,Housing,false,9266,386,4.165767321390028,182,47.15025906735752,24214,88.5
D2,Demolition business process,211,Agriculture,false,40953,1687,4.119356335311211,1670,98.9922940130409,490316,224.0
D2,Demolition business process,910,Outbuildings & other,false,589301,21205,3.598330903901402,198,0.9337420419712331,13660,54.0
D2,Demolition business process,216,Agriculture,false,45150,1576,3.4905869324473975,1565,99.30203045685279,343787,170.0
D2,Demolition business process,325,Commerce & services,false,3388,118,3.4828807556080283,118,100.0,21098,139.5
D2,Demolition business process,930,Outbuildings & other,false,1230748,42859,3.482353820603405,1216,2.837210387549873,152196,96.5
D2,Demolition business process,970,Agriculture,false,126311,4392,3.4771318412489807,4262,97.04007285974498,115283,0.0
D2,Demolition business process,160,Housing,false,9610,332,3.4547346514047867,114,34.33734939759036,110105,450.5
D2,Demolition business process,212,Agriculture,false,41471,1417,3.4168455064985173,1406,99.22371206774876,382297,208.0
D2,Demolition business process,150,Housing,false,3288,112,3.40632603406326,58,51.78571428571429,49031,292.0
D2,Demolition business process,234,Production & energy,false,2967,101,3.404111897539602,101,100.0,24417,64.0
D2,Demolition business process,213,Agriculture,false,6454,205,3.1763247598388595,204,99.51219512195122,34869,67.0
D2,Demolition business process,313,Transport,false,9834,302,3.0709782387634736,300,99.33774834437085,95838,167.0
D2,Demolition business process,229,Production & energy,false,7569,231,3.0519223147047168,228,98.7012987012987,47361,100.0
D2,Demolition business process,233,Production & energy,false,5344,162,3.031437125748503,160,98.76543209876543,18202,39.5
D2,Demolition business process,324,Commerce & services,false,629,19,3.0206677265500796,18,94.73684210526315,120627,1437.5
D2,Demolition business process,323,Commerce & services,false,63861,1917,3.0018321041010947,1898,99.00886802295254,1228158,232.5
D2,Demolition business process,218,Agriculture,false,10468,314,2.99961788307222,312,99.36305732484077,87141,192.0
D2,Demolition business process,322,Commerce & services,false,23910,708,2.9611041405269765,687,97.03389830508475,524258,385.0
D2,Demolition business process,441,Institutions,false,10922,319,2.9207104925837757,317,99.37304075235109,105643,270.0
D2,Demolition business process,219,Agriculture,false,54915,1592,2.8990257670946007,1576,98.99497487437185,322361,130.0
D2,Demolition business process,321,Commerce & services,false,36355,1042,2.866180717920506,1006,96.54510556621881,595191,192.0
D2,Demolition business process,920,Outbuildings & other,false,705406,20178,2.86048034748783,30,0.14867677668748142,1353,25.0
D2,Demolition business process,222,Production & energy,false,17549,493,2.809276881873611,487,98.78296146044624,696576,506.0
D2,Demolition business process,329,Commerce & services,false,5132,139,2.7084957131722525,136,97.84172661870504,77117,192.0
D2,Demolition business process,223,Production & energy,false,32006,854,2.6682497031806536,849,99.41451990632318,348500,220.0
D2,Demolition business process,531,Leisure,false,7147,182,2.546523016650343,182,100.0,40581,134.5
D2,Demolition business process,331,Commerce & services,false,3869,96,2.481261307831481,94,97.91666666666666,89408,380.0
D2,Demolition business process,333,Commerce & services,false,7680,189,2.4609375,183,96.82539682539682,151602,160.0
D2,Demolition business process,421,Institutions,false,12810,312,2.4355971896955504,305,97.75641025641025,290228,270.0
D2,Demolition business process,429,Institutions,false,8719,211,2.420002293841037,206,97.6303317535545,182568,291.0
D2,Demolition business process,339,Commerce & services,false,4384,104,2.3722627737226274,104,100.0,32698,42.0
D2,Demolition business process,120,Housing,false,1426413,33723,2.364182042648237,17195,50.98893929958782,1971550,106.0
D2,Demolition business process,217,Agriculture,false,102042,2393,2.3451127966915584,2367,98.91349770162975,455726,134.0
D2,Demolition business process,231,Production & energy,false,2359,55,2.331496396778296,54,98.18181818181819,16586,161.0
D2,Demolition business process,999,Outbuildings & other,false,38692,868,2.2433578000620282,1,0.1152073732718894,0,0.0
D2,Demolition business process,433,Institutions,false,2150,47,2.186046511627907,47,100.0,22171,232.0
D2,Demolition business process,334,Commerce & services,false,3614,79,2.185943552850028,78,98.73417721518987,18393,149.5
D2,Demolition business process,422,Institutions,false,886,19,2.144469525959368,19,100.0,72835,2052.0
D2,Demolition business process,539,Leisure,false,3008,63,2.0944148936170213,62,98.4126984126984,27779,84.0
D2,Demolition business process,221,Production & energy,false,2512,51,2.0302547770700636,51,100.0,105730,328.0
D2,Demolition business process,443,Institutions,false,303,6,1.9801980198019802,6,100.0,13046,200.0
D2,Demolition business process,521,Leisure,false,2456,48,1.9543973941368076,47,97.91666666666666,6986,125.0
D2,Demolition business process,431,Institutions,false,1407,26,1.8479033404406537,26,100.0,44163,485.5
D2,Demolition business process,416,Institutions,false,992,18,1.8145161290322582,18,100.0,3077,100.0
D2,Demolition business process,411,Institutions,false,955,17,1.780104712041885,16,94.11764705882352,7762,335.5
D2,Demolition business process,319,Transport,false,1000,17,1.7000000000000002,17,100.0,4940,105.0
D2,Demolition business process,532,Leisure,false,359,6,1.6713091922005572,6,100.0,4712,832.0
D2,Demolition business process,419,Institutions,false,4954,81,1.6350423899878885,78,96.29629629629629,23340,111.5
D2,Demolition business process,314,Transport,false,5766,94,1.6302462712452306,94,100.0,18084,122.0
D2,Demolition business process,439,Institutions,false,878,14,1.5945330296127564,14,100.0,12442,256.0
D2,Demolition business process,585,Leisure,false,20917,333,1.5920065018884162,319,95.7957957957958,6942,17.0
D2,Demolition business process,449,Institutions,false,3016,48,1.5915119363395225,47,97.91666666666666,18701,156.0
D2,Demolition business process,533,Leisure,false,2929,41,1.399795151928986,40,97.5609756097561,76421,1482.0
D2,Demolition business process,311,Transport,false,1629,22,1.350521792510743,22,100.0,6903,148.5
D2,Demolition business process,332,Commerce & services,false,523,7,1.338432122370937,7,100.0,2208,253.0
D2,Demolition business process,415,Institutions,false,2436,32,1.3136288998357963,32,100.0,10487,268.5
D2,Demolition business process,413,Institutions,false,463,6,1.2958963282937366,6,100.0,6232,574.5
D2,Demolition business process,442,Institutions,false,891,11,1.2345679012345678,11,100.0,7794,95.0
D2,Demolition business process,239,Production & energy,false,3148,38,1.207115628970775,37,97.36842105263158,6724,38.0
D2,Demolition business process,529,Leisure,false,2171,26,1.1976047904191618,26,100.0,1479,20.0
D2,Demolition business process,534,Leisure,false,337,4,1.1869436201780417,4,100.0,1673,217.5
D2,Demolition business process,412,Institutions,false,2623,31,1.181852840259245,31,100.0,11491,112.0
D2,Demolition business process,140,Housing,false,177204,2061,1.163066296471863,853,41.387675885492484,560817,218.0
D2,Demolition business process,540,Leisure,false,23597,274,1.1611645548162903,160,58.3941605839416,5079,30.0
D2,Demolition business process,185,Housing,false,7846,79,1.0068824878919196,77,97.46835443037975,6251,58.0
D2,Demolition business process,232,Production & energy,false,10149,102,1.0050251256281406,102,100.0,16418,50.0
D2,Demolition business process,535,Leisure,false,5355,48,0.8963585434173669,48,100.0,16646,243.0
D2,Demolition business process,950,Outbuildings & other,false,59125,476,0.8050739957716703,12,2.5210084033613445,630,24.0
D2,Demolition business process,312,Transport,false,753,6,0.796812749003984,6,100.0,30919,4376.0
D2,Demolition business process,121,Housing,false,1413,9,0.6369426751592357,9,100.0,864,90.0
D2,Demolition business process,432,Institutions,false,167,1,0.5988023952095809,1,100.0,104,104.0
D2,Demolition business process,414,Institutions,false,3776,21,0.5561440677966102,21,100.0,9120,206.0
D2,Demolition business process,,,false,28915,142,0.4910945875842988,1,0.7042253521126761,80,80.0
D2,Demolition business process,522,Leisure,false,6486,31,0.4779525131051496,30,96.7741935483871,1354,20.5
D2,Demolition business process,960,Outbuildings & other,false,9847,44,0.4468365999796892,1,2.272727272727273,17,17.0
D2,Demolition business process,940,Outbuildings & other,false,78179,345,0.4412949769119584,10,2.898550724637681,2941,73.0
D2,Demolition business process,122,Housing,false,271,1,0.36900369003690037,1,100.0,117,117.0
D2,Demolition business process,132,Housing,false,40884,84,0.2054593484003522,80,95.23809523809523,12199,149.5
D2,Demolition business process,131,Housing,false,118804,207,0.17423655769166022,198,95.65217391304348,56437,129.0
D2,Demolition business process,523,Leisure,false,1603,2,0.12476606363069245,2,100.0,230,115.0
D2,Demolition business process,444,Institutions,false,119,0,0.0,0,,0,
D2,Demolition business process,451,Institutions,false,30,0,0.0,0,,0,
D3,Historical AND process-3,210,Agriculture,true,104897,5775,5.505400535763654,5772,99.94805194805195,1317468,149.0
D3,Historical AND process-3,390,Commerce & services,true,1597,76,4.758922980588603,76,100.0,10675,53.0
D3,Historical AND process-3,440,Institutions,true,5333,230,4.312769548096756,230,100.0,61844,203.0
D3,Historical AND process-3,310,Transport,true,3350,138,4.119402985074627,138,100.0,38291,140.5
D3,Historical AND process-3,490,Institutions,true,2059,62,3.011170471102477,62,100.0,20652,197.0
D3,Historical AND process-3,520,Leisure,true,1116,32,2.867383512544803,32,100.0,3093,54.0
D3,Historical AND process-3,290,Production & energy,true,4409,123,2.7897482422317985,123,100.0,37518,105.0
D3,Historical AND process-3,430,Institutions,true,1861,51,2.740462117141322,51,100.0,76423,624.0
D3,Historical AND process-3,530,Leisure,true,3969,107,2.695893172083648,107,100.0,42439,160.0
D3,Historical AND process-3,420,Institutions,true,11989,311,2.5940445408290933,311,100.0,181530,189.0
D3,Historical AND process-3,220,Production & energy,true,18284,421,2.302559614963903,421,100.0,251372,249.0
D3,Historical AND process-3,410,Institutions,true,3110,69,2.2186495176848875,69,100.0,26982,229.0
D3,Historical AND process-3,320,Commerce & services,true,34225,734,2.144631117604091,733,99.86376021798365,455702,267.0
D3,Historical AND process-3,230,Production & energy,true,5145,101,1.9630709426627795,101,100.0,13772,63.0
D3,Historical AND process-3,330,Commerce & services,true,6038,116,1.9211659489897317,116,100.0,29692,161.5
D3,Historical AND process-3,130,Housing,true,178208,466,0.2614921889028551,466,100.0,82191,105.0
D3,Historical AND process-3,214,Agriculture,false,28064,3062,10.91077537058153,3062,100.0,1075440,208.0
D3,Historical AND process-3,215,Agriculture,false,5190,434,8.362235067437378,434,100.0,805871,720.0
D3,Historical AND process-3,315,Transport,false,245,12,4.8979591836734695,12,100.0,9485,260.5
D3,Historical AND process-3,990,Outbuildings & other,false,782,36,4.603580562659847,16,44.44444444444444,4018,112.0
D3,Historical AND process-3,211,Agriculture,false,40953,1587,3.8751739799282108,1587,100.0,459711,225.0
D3,Historical AND process-3,234,Production & energy,false,2967,99,3.336703741152679,99,100.0,21406,54.0
D3,Historical AND process-3,216,Agriculture,false,45150,1477,3.2713178294573644,1477,100.0,322603,170.0
D3,Historical AND process-3,970,Agriculture,false,126311,4045,3.202413091496386,3952,97.7008652657602,97217,0.0
D3,Historical AND process-3,212,Agriculture,false,41471,1310,3.158833883918883,1310,100.0,359500,210.0
D3,Historical AND process-3,325,Commerce & services,false,3388,104,3.0696576151121606,104,100.0,17812,130.5
D3,Historical AND process-3,213,Agriculture,false,6454,198,3.0678648899907035,198,100.0,33574,64.5
D3,Historical AND process-3,313,Transport,false,9834,288,2.928615009151922,288,100.0,91923,165.5
D3,Historical AND process-3,233,Production & energy,false,5344,151,2.8255988023952097,151,100.0,12586,37.0
D3,Historical AND process-3,229,Production & energy,false,7569,213,2.8141101862861673,213,100.0,40249,91.0
D3,Historical AND process-3,218,Agriculture,false,10468,294,2.80855941918227,294,100.0,82527,191.0
D3,Historical AND process-3,323,Commerce & services,false,63861,1763,2.760683359170699,1763,100.0,965580,215.0
D3,Historical AND process-3,219,Agriculture,false,54915,1451,2.642265319129564,1451,100.0,295475,128.0
D3,Historical AND process-3,441,Institutions,false,10922,286,2.61856802783373,286,100.0,87841,255.0
D3,Historical AND process-3,321,Commerce & services,false,36355,918,2.5250997111814053,918,100.0,441136,178.0
D3,Historical AND process-3,322,Commerce & services,false,23910,595,2.4884985361773317,595,100.0,344046,345.0
D3,Historical AND process-3,110,Housing,false,148257,3639,2.454521540298266,3639,100.0,488821,125.0
D3,Historical AND process-3,531,Leisure,false,7147,174,2.434587938995383,174,100.0,31400,129.0
D3,Historical AND process-3,223,Production & energy,false,32006,768,2.399550084359183,768,100.0,286257,206.0
D3,Historical AND process-3,222,Production & energy,false,17549,421,2.3989970938515013,421,100.0,410858,429.0
D3,Historical AND process-3,329,Commerce & services,false,5132,123,2.3967264224473888,123,100.0,53259,176.0
D3,Historical AND process-3,510,Leisure,false,307349,7279,2.3683174501950552,7277,99.97252369831021,439036,56.0
D3,Historical AND process-3,999,Outbuildings & other,false,38692,866,2.2381887728729453,1,0.11547344110854503,0,0.0
D3,Historical AND process-3,339,Commerce & services,false,4384,98,2.235401459854015,98,100.0,30483,40.0
D3,Historical AND process-3,217,Agriculture,false,102042,2234,2.1892946041825914,2234,100.0,415609,130.0
D3,Historical AND process-3,331,Commerce & services,false,3869,81,2.093564228482812,81,100.0,47080,336.0
D3,Historical AND process-3,333,Commerce & services,false,7680,160,2.083333333333333,160,100.0,40043,141.5
D3,Historical AND process-3,231,Production & energy,false,2359,49,2.0771513353115725,49,100.0,15576,188.0
D3,Historical AND process-3,429,Institutions,false,8719,181,2.0759261383186143,181,100.0,118735,229.0
D3,Historical AND process-3,324,Commerce & services,false,629,13,2.066772655007949,13,100.0,44433,1024.0
D3,Historical AND process-3,334,Commerce & services,false,3614,73,2.0199225235196456,73,100.0,17045,148.0
D3,Historical AND process-3,421,Institutions,false,12810,254,1.9828259172521467,254,100.0,154494,225.0
D3,Historical AND process-3,443,Institutions,false,303,6,1.9801980198019802,6,100.0,13046,200.0
D3,Historical AND process-3,422,Institutions,false,886,17,1.9187358916478554,17,100.0,55791,1679.0
D3,Historical AND process-3,190,Housing,false,9266,173,1.8670407943017484,173,100.0,23084,80.0
D3,Historical AND process-3,590,Leisure,false,20830,386,1.8530964954392704,385,99.74093264248705,51478,61.0
D3,Historical AND process-3,521,Leisure,false,2456,45,1.8322475570032575,45,100.0,6644,104.0
D3,Historical AND process-3,433,Institutions,false,2150,38,1.7674418604651163,38,100.0,11346,203.0
D3,Historical AND process-3,539,Leisure,false,3008,53,1.7619680851063828,53,100.0,12474,66.0
D3,Historical AND process-3,532,Leisure,false,359,6,1.6713091922005572,6,100.0,4712,832.0
D3,Historical AND process-3,431,Institutions,false,1407,23,1.634683724235963,23,100.0,30158,440.0
D3,Historical AND process-3,416,Institutions,false,992,16,1.6129032258064515,16,100.0,2489,100.0
D3,Historical AND process-3,319,Transport,false,1000,16,1.6,16,100.0,4689,100.0
D3,Historical AND process-3,910,Outbuildings & other,false,589301,9291,1.5766136490520124,141,1.517597675169519,9889,56.0
D3,Historical AND process-3,930,Outbuildings & other,false,1230748,19283,1.5667707767958998,1002,5.196286884820826,126962,99.0
D3,Historical AND process-3,150,Housing,false,3288,51,1.551094890510949,51,100.0,22343,288.0
D3,Historical AND process-3,314,Transport,false,5766,86,1.4915019077349982,86,100.0,17003,122.0
D3,Historical AND process-3,221,Production & energy,false,2512,37,1.4729299363057324,37,100.0,28348,288.0
D3,Historical AND process-3,585,Leisure,false,20917,296,1.415116890567481,296,100.0,6165,16.0
D3,Historical AND process-3,449,Institutions,false,3016,42,1.3925729442970822,42,100.0,15954,150.0
D3,Historical AND process-3,419,Institutions,false,4954,65,1.3120710536939846,65,100.0,11221,98.0
D3,Historical AND process-3,411,Institutions,false,955,12,1.256544502617801,12,100.0,4114,220.0
D3,Historical AND process-3,311,Transport,false,1629,20,1.2277470841006752,20,100.0,4321,143.5
D3,Historical AND process-3,920,Outbuildings & other,false,705406,8498,1.2046963025548407,15,0.17651212049894094,919,20.0
D3,Historical AND process-3,534,Leisure,false,337,4,1.1869436201780417,4,100.0,1673,217.5
D3,Historical AND process-3,529,Leisure,false,2171,25,1.1515430677107323,25,100.0,1271,20.0
D3,Historical AND process-3,439,Institutions,false,878,10,1.1389521640091116,10,100.0,2570,224.0
D3,Historical AND process-3,239,Production & energy,false,3148,34,1.0800508259212198,34,100.0,5514,38.0
D3,Historical AND process-3,120,Housing,false,1426413,15352,1.0762661304965673,15352,100.0,1702756,102.0
D3,Historical AND process-3,412,Institutions,false,2623,26,0.9912314144109797,26,100.0,3474,56.0
D3,Historical AND process-3,160,Housing,false,9610,95,0.9885535900104058,95,100.0,67276,406.0
D3,Historical AND process-3,415,Institutions,false,2436,23,0.9441707717569787,23,100.0,6424,221.0
D3,Historical AND process-3,232,Production & energy,false,10149,93,0.9163464380727164,93,100.0,13254,45.0
D3,Historical AND process-3,442,Institutions,false,891,7,0.7856341189674524,7,100.0,678,95.0
D3,Historical AND process-3,535,Leisure,false,5355,41,0.7656395891690009,41,100.0,14239,243.0
D3,Historical AND process-3,332,Commerce & services,false,523,4,0.7648183556405354,4,100.0,705,128.5
D3,Historical AND process-3,950,Outbuildings & other,false,59125,447,0.7560253699788583,8,1.7897091722595078,401,24.0
D3,Historical AND process-3,540,Leisure,false,23597,157,0.6653388142560496,157,100.0,4971,30.0
D3,Historical AND process-3,413,Institutions,false,463,3,0.6479481641468683,3,100.0,1998,862.0
D3,Historical AND process-3,185,Housing,false,7846,50,0.637267397399949,50,100.0,3141,50.5
D3,Historical AND process-3,432,Institutions,false,167,1,0.5988023952095809,1,100.0,104,104.0
D3,Historical AND process-3,533,Leisure,false,2929,17,0.5804028678729942,17,100.0,17988,946.0
D3,Historical AND process-3,414,Institutions,false,3776,18,0.4766949152542373,18,100.0,6168,204.5
D3,Historical AND process-3,522,Leisure,false,6486,29,0.4471168670983657,29,100.0,1132,18.0
D3,Historical AND process-3,960,Outbuildings & other,false,9847,43,0.43668122270742354,1,2.3255813953488373,17,17.0
D3,Historical AND process-3,121,Housing,false,1413,6,0.42462845010615713,6,100.0,563,91.0
D3,Historical AND process-3,940,Outbuildings & other,false,78179,327,0.41827089116003013,7,2.1406727828746175,2766,96.0
D3,Historical AND process-3,140,Housing,false,177204,657,0.37075912507618336,657,100.0,363036,188.0
D3,Historical AND process-3,312,Transport,false,753,2,0.2656042496679947,2,100.0,506,253.0
D3,Historical AND process-3,,,false,28915,42,0.14525332872211655,0,0.0,0,
D3,Historical AND process-3,132,Housing,false,40884,51,0.12474317581449956,51,100.0,7623,155.0
D3,Historical AND process-3,131,Housing,false,118804,92,0.07743847008518233,92,100.0,21689,181.5
D3,Historical AND process-3,523,Leisure,false,1603,0,0.0,0,,0,
D3,Historical AND process-3,122,Housing,false,271,0,0.0,0,,0,
D3,Historical AND process-3,444,Institutions,false,119,0,0.0,0,,0,
D3,Historical AND process-3,451,Institutions,false,30,0,0.0,0,,0,
D4,Demolition case (total),210,Agriculture,true,104897,28124,26.811062280141474,28111,99.95377613426255,6225743,149.0
D4,Demolition case (total),310,Transport,true,3350,717,21.402985074626866,717,100.0,254953,148.0
D4,Demolition case (total),390,Commerce & services,true,1597,273,17.09455228553538,273,100.0,49479,75.0
D4,Demolition case (total),290,Production & energy,true,4409,722,16.375595373100477,719,99.58448753462605,156544,111.0
D4,Demolition case (total),220,Production & energy,true,18284,2954,16.156202143950996,2952,99.93229519295869,1836748,260.0
D4,Demolition case (total),520,Leisure,true,1116,149,13.35125448028674,149,100.0,25426,84.0
D4,Demolition case (total),440,Institutions,true,5333,693,12.99456216013501,693,100.0,172825,205.0
D4,Demolition case (total),230,Production & energy,true,5145,654,12.71137026239067,654,100.0,127362,59.5
D4,Demolition case (total),320,Commerce & services,true,34225,3785,11.05916727538349,3776,99.76221928665787,1983505,208.0
D4,Demolition case (total),330,Commerce & services,true,6038,656,10.86452467704538,656,100.0,150151,150.0
D4,Demolition case (total),530,Leisure,true,3969,410,10.33005794910557,410,100.0,133493,124.5
D4,Demolition case (total),420,Institutions,true,11989,1213,10.11760780715656,1213,100.0,580003,184.0
D4,Demolition case (total),410,Institutions,true,3110,285,9.163987138263666,285,100.0,92979,167.0
D4,Demolition case (total),490,Institutions,true,2059,177,8.596406022340943,177,100.0,53451,154.0
D4,Demolition case (total),430,Institutions,true,1861,144,7.737775389575496,144,100.0,154013,531.5
D4,Demolition case (total),130,Housing,true,178208,1288,0.722750942718621,1288,100.0,186544,96.0
D4,Demolition case (total),214,Agriculture,false,28064,5641,20.100484606613456,5641,100.0,2102073,215.0
D4,Demolition case (total),215,Agriculture,false,5190,582,11.213872832369942,582,100.0,1023968,705.0
D4,Demolition case (total),315,Transport,false,245,17,6.938775510204081,17,100.0,10635,241.0
D4,Demolition case (total),990,Outbuildings & other,false,782,54,6.905370843989769,27,50.0,5387,112.0
D4,Demolition case (total),110,Housing,false,148257,9208,6.210836587817101,9208,100.0,1237017,124.0
D4,Demolition case (total),211,Agriculture,false,40953,2543,6.209557297389691,2543,100.0,778892,234.0
D4,Demolition case (total),970,Agriculture,false,126311,6898,5.461123734274924,6735,97.63699623079152,160923,0.0
D4,Demolition case (total),216,Agriculture,false,45150,2382,5.275747508305647,2382,100.0,540647,179.0
D4,Demolition case (total),212,Agriculture,false,41471,2147,5.177111716621254,2147,100.0,643934,221.0
D4,Demolition case (total),234,Production & energy,false,2967,151,5.089315807212673,151,100.0,37413,64.0
D4,Demolition case (total),510,Leisure,false,307349,15568,5.065251554421846,15561,99.95503597122301,918904,55.0
D4,Demolition case (total),325,Commerce & services,false,3388,170,5.017709563164108,170,100.0,30181,149.0
D4,Demolition case (total),213,Agriculture,false,6454,320,4.9581654787728535,320,100.0,58273,60.0
D4,Demolition case (total),218,Agriculture,false,10468,518,4.948414214749714,518,100.0,149366,192.0
D4,Demolition case (total),233,Production & energy,false,5344,255,4.7717065868263475,255,100.0,41290,40.0
D4,Demolition case (total),219,Agriculture,false,54915,2551,4.645361012473823,2551,100.0,540708,138.0
D4,Demolition case (total),590,Leisure,false,20830,967,4.642342774843975,965,99.79317476732162,115541,50.0
D4,Demolition case (total),313,Transport,false,9834,442,4.4946105348789915,442,100.0,193268,174.5
D4,Demolition case (total),229,Production & energy,false,7569,325,4.2938300964460305,325,100.0,75508,102.0
D4,Demolition case (total),323,Commerce & services,false,63861,2691,4.213839432517498,2691,100.0,1633841,220.0
D4,Demolition case (total),422,Institutions,false,886,36,4.063205417607223,36,100.0,88801,1255.5
D4,Demolition case (total),190,Housing,false,9266,370,3.993093028275416,369,99.72972972972973,47624,75.0
D4,Demolition case (total),441,Institutions,false,10922,431,3.9461637062809007,431,100.0,144593,259.0
D4,Demolition case (total),532,Leisure,false,359,14,3.8997214484679668,14,100.0,17807,1101.5
D4,Demolition case (total),329,Commerce & services,false,5132,200,3.897116134060795,200,100.0,92524,139.5
D4,Demolition case (total),531,Leisure,false,7147,278,3.889743948509864,278,100.0,51032,119.5
D4,Demolition case (total),321,Commerce & services,false,36355,1411,3.881171778297346,1411,100.0,954889,200.0
D4,Demolition case (total),521,Leisure,false,2456,94,3.8273615635179157,94,100.0,13662,111.0
D4,Demolition case (total),910,Outbuildings & other,false,589301,22354,3.7933076645042174,326,1.4583519728012884,22246,54.0
D4,Demolition case (total),223,Production & energy,false,32006,1212,3.7867899768793354,1212,100.0,490413,211.5
D4,Demolition case (total),322,Commerce & services,false,23910,896,3.7473860309493934,896,100.0,630092,363.0
D4,Demolition case (total),311,Transport,false,1629,61,3.7446286065070598,61,100.0,18123,165.0
D4,Demolition case (total),930,Outbuildings & other,false,1230748,45875,3.7274080477888245,2224,4.847956403269755,295663,100.0
D4,Demolition case (total),217,Agriculture,false,102042,3803,3.726896767997491,3803,100.0,771550,140.0
D4,Demolition case (total),222,Production & energy,false,17549,652,3.7153114137557695,652,100.0,933307,542.5
D4,Demolition case (total),150,Housing,false,3288,120,3.64963503649635,120,100.0,75159,290.0
D4,Demolition case (total),333,Commerce & services,false,7680,269,3.5026041666666665,269,100.0,175942,157.0
D4,Demolition case (total),324,Commerce & services,false,629,22,3.4976152623211445,22,100.0,150851,1551.0
D4,Demolition case (total),999,Outbuildings & other,false,38692,1350,3.489093352631035,2,0.14814814814814814,0,0.0
D4,Demolition case (total),431,Institutions,false,1407,48,3.411513859275053,48,100.0,134369,638.5
D4,Demolition case (total),339,Commerce & services,false,4384,147,3.353102189781022,147,100.0,36464,41.0
D4,Demolition case (total),231,Production & energy,false,2359,79,3.3488766426451884,79,100.0,29678,188.0
D4,Demolition case (total),429,Institutions,false,8719,287,3.291661887831173,287,100.0,339870,247.0
D4,Demolition case (total),534,Leisure,false,337,11,3.2640949554896146,11,100.0,9104,210.0
D4,Demolition case (total),334,Commerce & services,false,3614,117,3.237410071942446,117,100.0,30751,145.0
D4,Demolition case (total),160,Housing,false,9610,310,3.225806451612903,309,99.67741935483872,305988,480.0
D4,Demolition case (total),239,Production & energy,false,3148,101,3.2083862770012703,101,100.0,58974,77.0
D4,Demolition case (total),421,Institutions,false,12810,405,3.161592505854801,405,100.0,337523,261.0
D4,Demolition case (total),331,Commerce & services,false,3869,119,3.0757301628327736,119,100.0,81749,324.0
D4,Demolition case (total),920,Outbuildings & other,false,705406,21399,3.033572155609677,31,0.1448665825505865,1779,40.0
D4,Demolition case (total),221,Production & energy,false,2512,76,3.0254777070063694,76,100.0,143585,290.0
D4,Demolition case (total),539,Leisure,false,3008,91,3.0252659574468086,91,100.0,32819,86.0
D4,Demolition case (total),319,Transport,false,1000,30,3.0,30,100.0,6973,109.0
D4,Demolition case (total),411,Institutions,false,955,27,2.8272251308900525,27,100.0,19508,242.0
D4,Demolition case (total),439,Institutions,false,878,24,2.733485193621868,24,100.0,17027,317.0
D4,Demolition case (total),416,Institutions,false,992,27,2.721774193548387,27,100.0,10398,96.0
D4,Demolition case (total),433,Institutions,false,2150,58,2.697674418604651,58,100.0,26695,252.0
D4,Demolition case (total),449,Institutions,false,3016,81,2.6856763925729443,81,100.0,44887,156.0
D4,Demolition case (total),314,Transport,false,5766,148,2.5667707249392993,148,100.0,28528,122.0
D4,Demolition case (total),120,Housing,false,1426413,33079,2.319033828211044,33077,99.99395386801294,3669437,101.0
D4,Demolition case (total),443,Institutions,false,303,7,2.31023102310231,7,100.0,963,72.0
D4,Demolition case (total),585,Leisure,false,20917,478,2.285222546254243,478,100.0,10119,17.0
D4,Demolition case (total),419,Institutions,false,4954,111,2.2406136455389585,111,100.0,24951,101.0
D4,Demolition case (total),413,Institutions,false,463,10,2.159827213822894,10,100.0,10411,821.0
D4,Demolition case (total),332,Commerce & services,false,523,11,2.1032504780114722,11,100.0,1852,86.0
D4,Demolition case (total),442,Institutions,false,891,18,2.0202020202020203,18,100.0,8661,150.5
D4,Demolition case (total),529,Leisure,false,2171,43,1.9806540764624598,43,100.0,2373,20.0
D4,Demolition case (total),412,Institutions,false,2623,48,1.8299656881433473,48,100.0,10422,98.5
D4,Demolition case (total),432,Institutions,false,167,3,1.7964071856287425,3,100.0,2084,128.0
D4,Demolition case (total),232,Production & energy,false,10149,181,1.7834269386146417,181,100.0,72816,56.0
D4,Demolition case (total),415,Institutions,false,2436,40,1.6420361247947455,40,100.0,16844,282.5
D4,Demolition case (total),312,Transport,false,753,12,1.593625498007968,12,100.0,89994,128.0
D4,Demolition case (total),533,Leisure,false,2929,46,1.5705018777739843,46,100.0,79066,1436.0
D4,Demolition case (total),535,Leisure,false,5355,81,1.5126050420168067,81,100.0,27533,240.0
D4,Demolition case (total),540,Leisure,false,23597,356,1.5086663558926983,356,100.0,11919,32.0
D4,Demolition case (total),185,Housing,false,7846,103,1.312770838643895,103,100.0,7855,57.0
D4,Demolition case (total),950,Outbuildings & other,false,59125,739,1.2498942917547569,16,2.165087956698241,810,31.0
D4,Demolition case (total),140,Housing,false,177204,1777,1.0027990338818535,1777,100.0,1197717,222.0
D4,Demolition case (total),121,Housing,false,1413,12,0.8492569002123143,12,100.0,1935,99.5
D4,Demolition case (total),522,Leisure,false,6486,55,0.8479802651865556,55,100.0,3196,20.0
D4,Demolition case (total),414,Institutions,false,3776,30,0.7944915254237288,30,100.0,10523,202.5
D4,Demolition case (total),960,Outbuildings & other,false,9847,70,0.7108764090585965,6,8.571428571428571,76,13.5
D4,Demolition case (total),940,Outbuildings & other,false,78179,533,0.6817687614320982,13,2.4390243902439024,3076,75.0
D4,Demolition case (total),523,Leisure,false,1603,5,0.3119151590767312,5,100.0,535,92.0
D4,Demolition case (total),132,Housing,false,40884,124,0.30329713335290087,124,100.0,17409,138.0
D4,Demolition case (total),,,false,28915,68,0.23517205602628394,0,0.0,0,
D4,Demolition case (total),131,Housing,false,118804,265,0.22305646274536212,265,100.0,71357,178.0
D4,Demolition case (total),122,Housing,false,271,0,0.0,0,,0,
D4,Demolition case (total),444,Institutions,false,119,0,0.0,0,,0,
D4,Demolition case (total),451,Institutions,false,30,0,0.0,0,,0,
D5,Completion proxy,210,Agriculture,true,104897,28066,26.755769945756313,28053,99.95368060999074,6206922,149.0
D5,Completion proxy,310,Transport,true,3350,716,21.37313432835821,716,100.0,254809,148.0
D5,Completion proxy,390,Commerce & services,true,1597,272,17.031934877896056,272,100.0,49449,75.0
D5,Completion proxy,290,Production & energy,true,4409,718,16.284871853027898,715,99.58217270194986,152708,108.0
D5,Completion proxy,220,Production & energy,true,18284,2951,16.13979435572085,2949,99.93222636394442,1836286,260.0
D5,Completion proxy,520,Leisure,true,1116,149,13.35125448028674,149,100.0,25426,84.0
D5,Completion proxy,440,Institutions,true,5333,691,12.957059816238514,691,100.0,172628,205.0
D5,Completion proxy,230,Production & energy,true,5145,653,12.69193391642371,653,100.0,127126,59.0
D5,Completion proxy,320,Commerce & services,true,34225,3780,11.044558071585099,3771,99.76190476190476,1982770,208.0
D5,Completion proxy,330,Commerce & services,true,6038,654,10.83140112620073,654,100.0,149224,150.0
D5,Completion proxy,530,Leisure,true,3969,410,10.33005794910557,410,100.0,133493,124.5
D5,Completion proxy,420,Institutions,true,11989,1213,10.11760780715656,1213,100.0,580003,184.0
D5,Completion proxy,410,Institutions,true,3110,285,9.163987138263666,285,100.0,92979,167.0
D5,Completion proxy,490,Institutions,true,2059,176,8.547838756677999,176,100.0,53381,158.5
D5,Completion proxy,430,Institutions,true,1861,143,7.684040838259,143,100.0,152940,528.0
D5,Completion proxy,130,Housing,true,178208,1151,0.6458744837493267,1151,100.0,162719,95.0
D5,Completion proxy,214,Agriculture,false,28064,3071,10.942844925883694,3071,100.0,1086382,208.0
D5,Completion proxy,215,Agriculture,false,5190,460,8.863198458574182,460,100.0,849882,720.0
D5,Completion proxy,315,Transport,false,245,14,5.714285714285714,14,100.0,9937,259.0
D5,Completion proxy,110,Housing,false,148257,7855,5.29823212394693,7855,100.0,1042767,122.0
D5,Completion proxy,990,Outbuildings & other,false,782,41,5.242966751918159,19,46.34146341463415,4270,102.0
D5,Completion proxy,510,Leisure,false,307349,13859,4.509206146758245,13852,99.94949130528899,805098,55.0
D5,Completion proxy,211,Agriculture,false,40953,1690,4.126681805972701,1690,100.0,484234,222.0
D5,Completion proxy,234,Production & energy,false,2967,119,4.0107853050219076,119,100.0,24075,54.0
D5,Completion proxy,590,Leisure,false,20830,820,3.9366298607777246,818,99.7560975609756,98500,49.5
D5,Completion proxy,190,Housing,false,9266,329,3.550615152169221,328,99.69604863221885,39860,70.5
D5,Completion proxy,970,Agriculture,false,126311,4416,3.496132561692964,4302,97.41847826086956,105632,0.0
D5,Completion proxy,216,Agriculture,false,45150,1565,3.466223698781838,1565,100.0,346776,172.0
D5,Completion proxy,213,Agriculture,false,6454,218,3.377750232414007,218,100.0,35355,64.0
D5,Completion proxy,212,Agriculture,false,41471,1397,3.368619034988305,1397,100.0,382380,208.0
D5,Completion proxy,910,Outbuildings & other,false,589301,19484,3.3062899944171145,203,1.0418805173475674,14207,55.0
D5,Completion proxy,325,Commerce & services,false,3388,110,3.2467532467532463,110,100.0,18904,136.5
D5,Completion proxy,930,Outbuildings & other,false,1230748,39189,3.1841611767802993,1687,4.304779402383322,232524,100.0
D5,Completion proxy,313,Transport,false,9834,311,3.1624974577994713,311,100.0,155639,171.0
D5,Completion proxy,233,Production & energy,false,5344,169,3.1624251497005993,169,100.0,14760,37.0
D5,Completion proxy,229,Production & energy,false,7569,232,3.065134099616858,232,100.0,43316,97.0
D5,Completion proxy,218,Agriculture,false,10468,315,3.0091708062667175,315,100.0,88334,189.0
D5,Completion proxy,323,Commerce & services,false,63861,1884,2.950157373044581,1884,100.0,1051637,215.0
D5,Completion proxy,219,Agriculture,false,54915,1596,2.9063097514340344,1596,100.0,320641,128.0
D5,Completion proxy,150,Housing,false,3288,92,2.798053527980535,92,100.0,40198,240.0
D5,Completion proxy,441,Institutions,false,10922,302,2.7650613440761767,302,100.0,92619,251.5
D5,Completion proxy,160,Housing,false,9610,264,2.747138397502601,263,99.62121212121212,204579,468.0
D5,Completion proxy,321,Commerce & services,false,36355,992,2.728648053912804,992,100.0,472335,178.5
D5,Completion proxy,531,Leisure,false,7147,195,2.7284175178396533,195,100.0,35231,128.0
D5,Completion proxy,329,Commerce & services,false,5132,140,2.7279812938425563,140,100.0,59377,164.0
D5,Completion proxy,920,Outbuildings & other,false,705406,18750,2.658043736514858,24,0.128,1586,41.0
D5,Completion proxy,322,Commerce & services,false,23910,634,2.6516102049351735,634,100.0,360169,336.0
D5,Completion proxy,223,Production & energy,false,32006,840,2.624507904767856,840,100.0,329577,207.0
D5,Completion proxy,222,Production & energy,false,17549,452,2.5756453359165765,452,100.0,462862,435.0
D5,Completion proxy,339,Commerce & services,false,4384,105,2.39507299270073,105,100.0,31072,41.0
D5,Completion proxy,231,Production & energy,false,2359,56,2.3738872403560833,56,100.0,18813,210.0
D5,Completion proxy,999,Outbuildings & other,false,38692,913,2.359660911816396,1,0.10952902519167579,0,0.0
D5,Completion proxy,217,Agriculture,false,102042,2404,2.355892671645009,2404,100.0,448435,128.0
D5,Completion proxy,334,Commerce & services,false,3614,80,2.213613724405091,80,100.0,19029,149.0
D5,Completion proxy,333,Commerce & services,false,7680,170,2.213541666666667,170,100.0,41754,141.5
D5,Completion proxy,331,Commerce & services,false,3869,85,2.196950116309124,85,100.0,47931,333.0
D5,Completion proxy,429,Institutions,false,8719,190,2.179148984975341,190,100.0,121911,225.0
D5,Completion proxy,422,Institutions,false,886,19,2.144469525959368,19,100.0,56240,1281.0
D5,Completion proxy,521,Leisure,false,2456,51,2.076547231270358,51,100.0,7857,125.0
D5,Completion proxy,421,Institutions,false,12810,266,2.0765027322404372,266,100.0,167416,231.5
D5,Completion proxy,324,Commerce & services,false,629,13,2.066772655007949,13,100.0,44433,1024.0
D5,Completion proxy,120,Housing,false,1426413,28541,2.0008931494595186,28540,99.99649626852599,3100245,100.0
D5,Completion proxy,433,Institutions,false,2150,41,1.9069767441860466,41,100.0,12040,198.0
D5,Completion proxy,539,Leisure,false,3008,55,1.8284574468085106,55,100.0,13367,66.0
D5,Completion proxy,319,Transport,false,1000,18,1.7999999999999998,18,100.0,4871,100.0
D5,Completion proxy,431,Institutions,false,1407,25,1.7768301350390905,25,100.0,39913,440.0
D5,Completion proxy,416,Institutions,false,992,17,1.7137096774193548,17,100.0,2526,100.0
D5,Completion proxy,585,Leisure,false,20917,356,1.701964908925754,356,100.0,7382,16.0
D5,Completion proxy,221,Production & energy,false,2512,42,1.6719745222929936,42,100.0,29172,279.5
D5,Completion proxy,532,Leisure,false,359,6,1.6713091922005572,6,100.0,4712,832.0
D5,Completion proxy,311,Transport,false,1629,27,1.6574585635359116,27,100.0,4580,70.0
D5,Completion proxy,443,Institutions,false,303,5,1.65016501650165,5,100.0,822,240.0
D5,Completion proxy,314,Transport,false,5766,92,1.5955601803676727,92,100.0,17712,122.0
D5,Completion proxy,419,Institutions,false,4954,73,1.4735567218409367,73,100.0,12056,96.0
D5,Completion proxy,449,Institutions,false,3016,44,1.4588859416445623,44,100.0,16431,150.0
D5,Completion proxy,411,Institutions,false,955,13,1.3612565445026177,13,100.0,4214,200.0
D5,Completion proxy,239,Production & energy,false,3148,38,1.207115628970775,38,100.0,6380,39.0
D5,Completion proxy,534,Leisure,false,337,4,1.1869436201780417,4,100.0,1673,217.5
D5,Completion proxy,540,Leisure,false,23597,276,1.1696402085010806,276,100.0,9424,32.0
D5,Completion proxy,529,Leisure,false,2171,25,1.1515430677107323,25,100.0,1271,20.0
D5,Completion proxy,439,Institutions,false,878,10,1.1389521640091116,10,100.0,2570,224.0
D5,Completion proxy,412,Institutions,false,2623,29,1.1056042699199389,29,100.0,3641,65.0
D5,Completion proxy,232,Production & energy,false,10149,103,1.014878313134299,103,100.0,13831,40.0
D5,Completion proxy,415,Institutions,false,2436,23,0.9441707717569787,23,100.0,6424,221.0
D5,Completion proxy,442,Institutions,false,891,8,0.8978675645342313,8,100.0,1202,121.5
D5,Completion proxy,413,Institutions,false,463,4,0.8639308855291578,4,100.0,2174,519.0
D5,Completion proxy,535,Leisure,false,5355,46,0.8590102707749767,46,100.0,15034,241.5
D5,Completion proxy,950,Outbuildings & other,false,59125,488,0.825369978858351,10,2.0491803278688523,665,31.0
D5,Completion proxy,332,Commerce & services,false,523,4,0.7648183556405354,4,100.0,705,128.5
D5,Completion proxy,185,Housing,false,7846,58,0.7392301809839409,58,100.0,3739,52.0
D5,Completion proxy,140,Housing,false,177204,1308,0.7381323220694793,1308,100.0,718663,189.0
D5,Completion proxy,432,Institutions,false,167,1,0.5988023952095809,1,100.0,104,104.0
D5,Completion proxy,533,Leisure,false,2929,17,0.5804028678729942,17,100.0,17988,946.0
D5,Completion proxy,522,Leisure,false,6486,35,0.5396238051187172,35,100.0,1222,18.0
D5,Completion proxy,312,Transport,false,753,4,0.5312084993359893,4,100.0,3032,332.0
D5,Completion proxy,414,Institutions,false,3776,20,0.5296610169491525,20,100.0,6951,204.5
D5,Completion proxy,960,Outbuildings & other,false,9847,47,0.4773027317964863,3,6.382978723404255,55,17.0
D5,Completion proxy,940,Outbuildings & other,false,78179,356,0.4553652515381369,7,1.9662921348314606,2766,96.0
D5,Completion proxy,121,Housing,false,1413,6,0.42462845010615713,6,100.0,563,91.0
D5,Completion proxy,132,Housing,false,40884,56,0.13697289893356815,56,100.0,8079,132.0
D5,Completion proxy,,,false,28915,31,0.1072107902472765,0,0.0,0,
D5,Completion proxy,131,Housing,false,118804,97,0.08164708258981179,97,100.0,23001,182.0
D5,Completion proxy,122,Housing,false,271,0,0.0,0,,0,
D5,Completion proxy,523,Leisure,false,1603,0,0.0,0,,0,
D5,Completion proxy,444,Institutions,false,119,0,0.0,0,,0,
D5,Completion proxy,451,Institutions,false,30,0,0.0,0,,0,
D6,Case-date proxy for felt 295,210,Agriculture,true,104897,27970,26.66425159918778,27957,99.95352163031819,6196976,149.0
D6,Case-date proxy for felt 295,310,Transport,true,3350,715,21.343283582089555,715,100.0,254269,148.0
D6,Case-date proxy for felt 295,390,Commerce & services,true,1597,272,17.031934877896056,272,100.0,49385,74.0
D6,Case-date proxy for felt 295,290,Production & energy,true,4409,714,16.19414833295532,711,99.57983193277312,155934,111.0
D6,Case-date proxy for felt 295,220,Production & energy,true,18284,2946,16.112448042003937,2944,99.93211133740665,1835429,260.0
D6,Case-date proxy for felt 295,520,Leisure,true,1116,150,13.440860215053762,150,100.0,25546,84.5
D6,Case-date proxy for felt 295,440,Institutions,true,5333,689,12.919557472342023,689,100.0,172268,205.0
D6,Case-date proxy for felt 295,230,Production & energy,true,5145,645,12.536443148688047,645,100.0,127180,60.0
D6,Case-date proxy for felt 295,320,Commerce & services,true,34225,3777,11.035792549306063,3768,99.76171564733916,1981646,208.0
D6,Case-date proxy for felt 295,330,Commerce & services,true,6038,651,10.781715799933753,651,100.0,149783,150.0
D6,Case-date proxy for felt 295,530,Leisure,true,3969,406,10.229276895943562,406,100.0,133090,125.0
D6,Case-date proxy for felt 295,420,Institutions,true,11989,1208,10.075902911001752,1208,100.0,577560,184.0
D6,Case-date proxy for felt 295,410,Institutions,true,3110,285,9.163987138263666,285,100.0,92566,165.0
D6,Case-date proxy for felt 295,490,Institutions,true,2059,176,8.547838756677999,176,100.0,53381,158.5
D6,Case-date proxy for felt 295,430,Institutions,true,1861,144,7.737775389575496,144,100.0,154013,531.5
D6,Case-date proxy for felt 295,130,Housing,true,178208,1285,0.7210675166098043,1285,100.0,181206,96.0
D6,Case-date proxy for felt 295,214,Agriculture,false,28064,5722,20.389110604332952,5722,100.0,2095664,215.0
D6,Case-date proxy for felt 295,215,Agriculture,false,5190,566,10.905587668593448,566,100.0,998699,700.0
D6,Case-date proxy for felt 295,315,Transport,false,245,18,7.346938775510205,18,100.0,10998,275.5
D6,Case-date proxy for felt 295,990,Outbuildings & other,false,782,53,6.7774936061381075,25,47.16981132075472,5009,112.0
D6,Case-date proxy for felt 295,110,Housing,false,148257,9065,6.11438245748936,9065,100.0,1214752,124.0
D6,Case-date proxy for felt 295,211,Agriculture,false,40953,2494,6.089907943252021,2494,100.0,753611,232.5
D6,Case-date proxy for felt 295,970,Agriculture,false,126311,6636,5.253699202761438,6474,97.55877034358048,155387,0.0
D6,Case-date proxy for felt 295,216,Agriculture,false,45150,2336,5.173864894795127,2336,100.0,523722,176.0
D6,Case-date proxy for felt 295,212,Agriculture,false,41471,2108,5.08307009717634,2108,100.0,616679,220.0
D6,Case-date proxy for felt 295,510,Leisure,false,307349,15348,4.99367168918721,15341,99.95439145165493,903552,55.0
D6,Case-date proxy for felt 295,218,Agriculture,false,10468,498,4.757355750859763,498,100.0,141104,192.0
D6,Case-date proxy for felt 295,233,Production & energy,false,5344,254,4.752994011976048,254,100.0,40615,40.0
D6,Case-date proxy for felt 295,213,Agriculture,false,6454,305,4.725751471955377,305,100.0,47623,64.0
D6,Case-date proxy for felt 295,234,Production & energy,false,2967,138,4.651162790697675,138,100.0,32020,64.0
D6,Case-date proxy for felt 295,325,Commerce & services,false,3388,155,4.574970484061393,155,100.0,27589,146.0
D6,Case-date proxy for felt 295,219,Agriculture,false,54915,2498,4.548848219976327,2498,100.0,532302,137.0
D6,Case-date proxy for felt 295,590,Leisure,false,20830,945,4.536725876140182,943,99.7883597883598,114475,50.0
D6,Case-date proxy for felt 295,324,Commerce & services,false,629,28,4.451510333863275,28,100.0,153744,1131.5
D6,Case-date proxy for felt 295,313,Transport,false,9834,425,4.3217408989221076,425,100.0,196439,174.0
D6,Case-date proxy for felt 295,229,Production & energy,false,7569,321,4.240982956797463,321,100.0,71789,101.0
D6,Case-date proxy for felt 295,323,Commerce & services,false,63861,2599,4.069776545935704,2599,100.0,1571702,224.0
D6,Case-date proxy for felt 295,190,Housing,false,9266,368,3.9715087416360886,367,99.72826086956522,46507,72.0
D6,Case-date proxy for felt 295,422,Institutions,false,886,35,3.9503386004514676,35,100.0,87085,1230.0
D6,Case-date proxy for felt 295,531,Leisure,false,7147,282,3.9457114873373444,282,100.0,50641,114.0
D6,Case-date proxy for felt 295,329,Commerce & services,false,5132,193,3.7607170693686673,193,100.0,92705,147.0
D6,Case-date proxy for felt 295,441,Institutions,false,10922,409,3.744735396447537,409,100.0,137379,265.0
D6,Case-date proxy for felt 295,321,Commerce & services,false,36355,1358,3.7353871544491817,1358,100.0,864146,190.0
D6,Case-date proxy for felt 295,223,Production & energy,false,32006,1186,3.7055552083984256,1186,100.0,489372,215.0
D6,Case-date proxy for felt 295,910,Outbuildings & other,false,589301,21828,3.704049373749578,303,1.3881253435953822,20660,54.0
D6,Case-date proxy for felt 295,150,Housing,false,3288,121,3.680048661800486,121,100.0,72608,288.0
D6,Case-date proxy for felt 295,222,Production & energy,false,17549,645,3.675423101031398,645,100.0,876346,500.0
D6,Case-date proxy for felt 295,322,Commerce & services,false,23910,869,3.6344625679631952,869,100.0,586290,359.0
D6,Case-date proxy for felt 295,930,Outbuildings & other,false,1230748,44394,3.6070747220389556,2160,4.865522367887552,287757,100.0
D6,Case-date proxy for felt 295,217,Agriculture,false,102042,3664,3.590678348131162,3664,100.0,737159,140.0
D6,Case-date proxy for felt 295,521,Leisure,false,2456,87,3.542345276872964,87,100.0,12665,104.0
D6,Case-date proxy for felt 295,999,Outbuildings & other,false,38692,1360,3.5149384885764503,2,0.14705882352941177,0,0.0
D6,Case-date proxy for felt 295,339,Commerce & services,false,4384,146,3.3302919708029197,146,100.0,37025,43.5
D6,Case-date proxy for felt 295,231,Production & energy,false,2359,78,3.306485799067401,78,100.0,29674,188.5
D6,Case-date proxy for felt 295,333,Commerce & services,false,7680,251,3.268229166666667,251,100.0,171746,158.0
D6,Case-date proxy for felt 295,160,Housing,false,9610,309,3.2154006243496362,308,99.67637540453075,306191,479.5
D6,Case-date proxy for felt 295,334,Commerce & services,false,3614,115,3.1820697288323188,115,100.0,29089,145.0
D6,Case-date proxy for felt 295,429,Institutions,false,8719,277,3.176969835990366,277,100.0,327122,231.0
D6,Case-date proxy for felt 295,239,Production & energy,false,3148,100,3.176620076238882,100,100.0,65298,77.0
D6,Case-date proxy for felt 295,331,Commerce & services,false,3869,121,3.1274231067459293,121,100.0,82144,324.0
D6,Case-date proxy for felt 295,421,Institutions,false,12810,397,3.0991412958626072,397,100.0,321915,262.0
D6,Case-date proxy for felt 295,431,Institutions,false,1407,43,3.0561478322672353,43,100.0,121498,600.0
D6,Case-date proxy for felt 295,920,Outbuildings & other,false,705406,20803,2.9490818053716583,31,0.14901696870643658,1779,40.0
D6,Case-date proxy for felt 295,319,Transport,false,1000,29,2.9000000000000004,29,100.0,6499,100.0
D6,Case-date proxy for felt 295,221,Production & energy,false,2512,72,2.8662420382165608,72,100.0,141853,290.0
D6,Case-date proxy for felt 295,411,Institutions,false,955,26,2.7225130890052354,26,100.0,16535,241.0
D6,Case-date proxy for felt 295,539,Leisure,false,3008,81,2.69281914893617,81,100.0,26510,88.0
D6,Case-date proxy for felt 295,534,Leisure,false,337,9,2.6706231454005933,9,100.0,9263,66.0
D6,Case-date proxy for felt 295,311,Transport,false,1629,43,2.6396562308164517,43,100.0,13755,185.0
D6,Case-date proxy for felt 295,416,Institutions,false,992,26,2.620967741935484,26,100.0,4187,80.0
D6,Case-date proxy for felt 295,433,Institutions,false,2150,54,2.511627906976744,54,100.0,22670,243.5
D6,Case-date proxy for felt 295,532,Leisure,false,359,9,2.5069637883008355,9,100.0,8794,944.0
D6,Case-date proxy for felt 295,314,Transport,false,5766,138,2.3933402705515086,138,100.0,26231,122.0
D6,Case-date proxy for felt 295,439,Institutions,false,878,20,2.277904328018223,20,100.0,18622,372.5
D6,Case-date proxy for felt 295,120,Housing,false,1426413,32436,2.27395571969689,32435,99.99691700579602,3585041,101.0
D6,Case-date proxy for felt 295,585,Leisure,false,20917,460,2.199168140746761,460,100.0,9778,17.0
D6,Case-date proxy for felt 295,449,Institutions,false,3016,65,2.1551724137931036,65,100.0,21672,148.0
D6,Case-date proxy for felt 295,332,Commerce & services,false,523,11,2.1032504780114722,11,100.0,1852,86.0
D6,Case-date proxy for felt 295,419,Institutions,false,4954,104,2.0993136859103756,104,100.0,21989,102.0
D6,Case-date proxy for felt 295,443,Institutions,false,303,6,1.9801980198019802,6,100.0,894,156.0
D6,Case-date proxy for felt 295,529,Leisure,false,2171,39,1.7964071856287425,39,100.0,2388,21.0
D6,Case-date proxy for felt 295,413,Institutions,false,463,8,1.7278617710583155,8,100.0,8976,934.0
D6,Case-date proxy for felt 295,232,Production & energy,false,10149,171,1.6848950635530595,171,100.0,70679,50.0
D6,Case-date proxy for felt 295,415,Institutions,false,2436,39,1.600985221674877,39,100.0,15964,261.0
D6,Case-date proxy for felt 295,540,Leisure,false,23597,375,1.5891850658982072,375,100.0,12664,32.0
D6,Case-date proxy for felt 295,442,Institutions,false,891,14,1.5712682379349048,14,100.0,7754,150.5
D6,Case-date proxy for felt 295,412,Institutions,false,2623,40,1.5249714067861229,40,100.0,8574,88.0
D6,Case-date proxy for felt 295,535,Leisure,false,5355,76,1.419234360410831,76,100.0,25492,234.0
D6,Case-date proxy for felt 295,533,Leisure,false,2929,41,1.399795151928986,41,100.0,69310,1398.0
D6,Case-date proxy for felt 295,312,Transport,false,753,10,1.3280212483399734,10,100.0,89892,332.0
D6,Case-date proxy for felt 295,185,Housing,false,7846,97,1.236298750955901,97,100.0,7183,57.0
D6,Case-date proxy for felt 295,950,Outbuildings & other,false,59125,725,1.226215644820296,16,2.206896551724138,904,31.0
D6,Case-date proxy for felt 295,432,Institutions,false,167,2,1.1976047904191618,2,100.0,232,116.0
D6,Case-date proxy for felt 295,140,Housing,false,177204,1696,0.9570890047628723,1696,100.0,1137828,216.0
D6,Case-date proxy for felt 295,414,Institutions,false,3776,29,0.7680084745762712,29,100.0,9355,203.0
D6,Case-date proxy for felt 295,960,Outbuildings & other,false,9847,69,0.7007210317863308,4,5.797101449275362,55,13.5
D6,Case-date proxy for felt 295,940,Outbuildings & other,false,78179,489,0.6254876629273846,15,3.067484662576687,3076,12.0
D6,Case-date proxy for felt 295,522,Leisure,false,6486,40,0.6167129201356768,40,100.0,2235,24.0
D6,Case-date proxy for felt 295,121,Housing,false,1413,8,0.5661712668082095,8,100.0,1554,91.0
D6,Case-date proxy for felt 295,132,Housing,false,40884,128,0.31308091184815573,128,100.0,18002,135.0
D6,Case-date proxy for felt 295,523,Leisure,false,1603,4,0.2495321272613849,4,100.0,393,91.0
D6,Case-date proxy for felt 295,131,Housing,false,118804,245,0.20622201272684423,245,100.0,68722,180.0
D6,Case-date proxy for felt 295,,,false,28915,44,0.1521701538993602,0,0.0,0,
D6,Case-date proxy for felt 295,122,Housing,false,271,0,0.0,0,,0,
D6,Case-date proxy for felt 295,451,Institutions,false,30,0,0.0,0,,0,
D6,Case-date proxy for felt 295,444,Institutions,false,119,0,0.0,0,,0,
